{"allowSleep":true,"autoClearForces":true,"body":[{"angle":0,"angularVelocity":0,"awake":true,"fixture":[{"density":1,"friction":0.2000000029802322,"name":"fixture1","polygon":{"vertices":{"x":[1.34999954700470,1.323333382606506,1.050000309944153,0.5766664147377014,-1.033333420753479,-1.033333420753479,0.5099997520446777,1.090000033378601],"y":[-1.071368575096130,-0.4980354309082031,-0.05136895179748535,0.2819645404815674,0.04477929323911667,-1.813333034515381,-1.804702162742615,-1.591368794441223]}}},{"density":1,"friction":0.2000000029802322,"name":"fixture1","polygon":{"vertices":{"x":[1.019411921501160,0.9066667556762695,0.3503431677818298,-1.033333420753479,-1.033333420753479,0.5766664147377014,0.9362192153930664],"y":[1.160000801086426,1.640000104904175,1.987261772155762,1.980595111846924,0.04477929323911667,0.2819645404815674,0.6411092281341553]}}}],"linearVelocity":{"x":0,"y":0},"massData-I":11.91229152679443,"massData-center":{"x":0.003179592546075583,"y":0.01393512729555368},"massData-mass":7.752554893493652,"name":"body1","position":{"x":0,"y":3.099999904632568},"type":2},{"angle":0,"angularVelocity":0,"awake":true,"fixture":[{"chain":{"vertices":{"x":[-5.0,5.0],"y":[0.0,0.0]}},"density":1,"friction":0.2000000029802322,"name":"fixture0"}],"linearVelocity":{"x":0,"y":0},"name":"body0","position":{"x":0,"y":0},"type":0}],"collisionbitplanes":{"names":["bitplane1","bitplane2","bitplane3","bitplane4","bitplane5","bitplane6","bitplane7","bitplane8","bitplane9","bitplane10","bitplane11","bitplane12","bitplane13","bitplane14","bitplane15","bitplane16","bitplane17","bitplane18","bitplane19","bitplane20","bitplane21","bitplane22","bitplane23","bitplane24","bitplane25","bitplane26","bitplane27","bitplane28","bitplane29","bitplane30","bitplane31","bitplane32"]},"continuousPhysics":true,"gravity":{"x":0,"y":-10.0},"positionIterations":3,"stepsPerSecond":60.0,"subStepping":false,"velocityIterations":8,"warmStarting":true}
