
{
	"allowSleep" : true,
	"autoClearForces" : true,
	"body" : 
	[
		
		{
			"angle" : 0,
			"angularVelocity" : 0,
			"awake" : true,
			"fixture" : 
			[
				
				{
					"density" : 1,
					"friction" : 100.0,
					"name" : "block6_fix",
					"polygon" : 
					{
						"vertices" : 
						{
							"x" : 
							[
								0.3642165958881378,
								0.3642165958881378,
								-0.3642165958881378,
								-0.3642165958881378
							],
							"y" : 
							[
								-0.3642163276672363,
								0.3642168045043945,
								0.3642168045043945,
								-0.3642163276672363
							]
						}
					}
				}
			],
			"linearVelocity" : 0,
			"massData-I" : 0.04692535847425461,
			"massData-center" : 
			{
				"x" : -1.611690364500262e-010,
				"y" : 2.362037605507794e-007
			},
			"massData-mass" : 0.5306148529052734,
			"name" : "block6_body",
			"position" : 
			{
				"x" : -0.2434509098529816,
				"y" : 6.635064125061035
			},
			"type" : 2
		},
		
		{
			"angle" : -1.767015457153320,
			"angularVelocity" : 0,
			"awake" : true,
			"fixture" : 
			[
				
				{
					"chain" : 
					{
						"hasNextVertex" : true,
						"hasPrevVertex" : true,
						"nextVertex" : 
						{
							"x" : 0.05422826856374741,
							"y" : -1.916797757148743
						},
						"prevVertex" : 
						{
							"x" : -2.533646583557129,
							"y" : 15.64433765411377
						},
						"vertices" : 
						{
							"x" : 
							[
								1.003840208053589,
								0.05422826856374741,
								-0.2796037197113037,
								-0.4344625473022461,
								-1.489847064018250,
								-1.713584780693054,
								-0.6008336544036865,
								-2.577300071716309,
								-3.284460783004761,
								-3.403628826141357,
								-2.713563919067383,
								-3.289838552474976,
								-4.344664096832275,
								-4.537553310394287,
								-3.495170116424561,
								-3.720468282699585,
								-2.533646583557129,
								1.003840208053589
							],
							"y" : 
							[
								-1.753632545471191,
								-1.916797757148743,
								-1.979423761367798,
								-1.202207088470459,
								-1.436501741409302,
								-0.3997481167316437,
								-0.1845223903656006,
								9.674536705017090,
								9.557269096374512,
								10.23263072967529,
								10.35425281524658,
								13.22884082794190,
								12.99901199340820,
								14.03122520446777,
								14.25846099853516,
								15.42478561401367,
								15.64433765411377,
								-1.753632545471191
							]
						}
					},
					"density" : 1,
					"friction" : 0.4,
					"name" : "floor_fix"
				}
			],
			"linearVelocity" : 0,
			"name" : "floor_body",
			"position" : 
			{
				"x" : -12.08738422393799,
				"y" : -7.644540786743164
			},
			"type" : 0
		}
	],
	"collisionbitplanes" : 
	{
		"names" : 
		[
			"bitplane1",
			"bitplane2",
			"bitplane3",
			"bitplane4",
			"bitplane5",
			"bitplane6",
			"bitplane7",
			"bitplane8",
			"bitplane9",
			"bitplane10",
			"bitplane11",
			"bitplane12",
			"bitplane13",
			"bitplane14",
			"bitplane15",
			"bitplane16",
			"bitplane17",
			"bitplane18",
			"bitplane19",
			"bitplane20",
			"bitplane21",
			"bitplane22",
			"bitplane23",
			"bitplane24",
			"bitplane25",
			"bitplane26",
			"bitplane27",
			"bitplane28",
			"bitplane29",
			"bitplane30",
			"bitplane31",
			"bitplane32"
		]
	},
	"continuousPhysics" : true,
	"gravity" : 
	{
		"x" : 0,
		"y" : -10
	},
	"positionIterations" : 3,
	"stepsPerSecond" : 60.0,
	"subStepping" : false,
	"velocityIterations" : 8,
	"warmStarting" : true
}
